asian_piece_count,total_piece_count,piece_ratio,asian_auction_count,total_auction_count,auction_ratio,year
12989,126493,0.10268552410014783,50,570,0.08771929824561403,1998
9505,127549,0.07452038040282558,38,501,0.07584830339321358,1999
7798,103052,0.07567053526375034,30,424,0.07075471698113207,2000
11482,149960,0.07656708455588157,62,679,0.09131075110456553,2001
2860,32142,0.08898015058179329,27,222,0.12162162162162163,2017
3897,29403,0.13253749617385982,35,225,0.15555555555555556,2018
